{"cameraMode":{"drawMode":0,"name":"Shaded","section":"Shading Mode"},"sceneLighting":true,"audioPlay":false,"sceneViewState":{"m_AlwaysRefresh":false,"showFog":true,"showSkybox":true,"showFlares":true,"showImageEffects":true,"showParticleSystems":true,"showVisualEffectGraphs":true,"m_FxEnabled":false},"in2DMode":false,"pivot":{"x":0.008073952049016953,"y":-0.0039837295189499859,"z":0.009238632395863533},"rotation":{"x":-0.11330988258123398,"y":0.8541291952133179,"z":-0.20930048823356629,"w":-0.4624066650867462},"size":1.313422441482544,"orthographic":false}