{"cameraMode":{"drawMode":0,"name":"Shaded","section":"Shading Mode"},"sceneLighting":true,"audioPlay":false,"sceneViewState":{"m_AlwaysRefresh":false,"showFog":true,"showSkybox":true,"showFlares":true,"showImageEffects":true,"showParticleSystems":true,"showVisualEffectGraphs":true,"m_FxEnabled":false},"in2DMode":false,"pivot":{"x":0.006883251015096903,"y":-0.004871192388236523,"z":0.008819308131933213},"rotation":{"x":-0.14122752845287324,"y":0.8457778692245483,"z":-0.2744835615158081,"w":-0.43517351150512698},"size":2.5648391246795656,"orthographic":false}