{"cameraMode":{"drawMode":0,"name":"Shaded","section":"Shading Mode"},"sceneLighting":false,"audioPlay":false,"sceneViewState":{"m_AlwaysRefresh":false,"showFog":true,"showSkybox":false,"showFlares":true,"showImageEffects":true,"showParticleSystems":true,"showVisualEffectGraphs":true,"m_FxEnabled":false},"in2DMode":false,"pivot":{"x":0.006883256137371063,"y":0.2451288104057312,"z":0.00881931185722351},"rotation":{"x":-0.14122752845287324,"y":0.8457778692245483,"z":-0.2744835615158081,"w":-0.43517351150512698},"size":0.4330126941204071,"orthographic":false}