{"cameraMode":{"drawMode":0,"name":"Shaded","section":"Shading Mode"},"sceneLighting":false,"audioPlay":false,"sceneViewState":{"m_AlwaysRefresh":false,"showFog":true,"showSkybox":false,"showFlares":true,"showImageEffects":true,"showParticleSystems":true,"showVisualEffectGraphs":true,"m_FxEnabled":false},"in2DMode":false,"pivot":{"x":0.006883256137371063,"y":0.2451288104057312,"z":0.00881931185722351},"rotation":{"x":-0.1359461098909378,"y":0.8635281324386597,"z":-0.32682090997695925,"w":-0.35920464992523196},"size":0.4330126941204071,"orthographic":false}